,forward_min_3m,forward_min_6m,correction_10,correction_15,仅10Y快速上升,领先压力：8项至少2项,领先压力：8项至少3项,市场确认：4项至少2项,市场确认：4项至少3项,信用恶化且市场至少2项确认,融资压力至少2项且市场至少1项确认,滚动分位领先压力：8项至少3项,滚动分位市场确认：4项至少2项,滚动分位领先至少2项且市场至少1项,滚动分位领先至少3项且市场至少2项
1994-01,-7.4417054105986535,-7.7531607469960235,False,False,,,,,,,,,,,
1994-02,-4.574651060635082,-4.895753931929225,False,False,,,,,,,,,,,
1994-03,-0.33649640778172785,-0.33649640778172785,False,False,,,,,,,,,,,
1994-04,-1.4725809129338407,-1.4725809129338407,False,False,True,,,,,,,,,,
1994-05,-2.679082362832008,-2.679082362832008,False,False,True,,,,,,,,,,
1994-06,3.1489907258900107,2.120335305260612,False,False,False,,,False,False,False,,,,,
1994-07,0.97106044486166,-0.9972520461813961,False,False,False,,,False,False,False,,,,,
1994-08,-4.5847416855659295,-4.5847416855659295,False,False,False,,,False,False,False,,,,,
1994-09,-1.9493828056979745,-1.9493828056979745,False,False,False,,,False,False,False,,,,,
1994-10,-3.950461187888721,-3.950461187888721,False,False,False,,,False,False,False,,,,,
1994-11,1.2299117331743048,1.2299117331743048,False,False,False,,,False,False,False,,,,,
1994-12,2.4277711761677034,2.4277711761677034,False,False,False,,,False,False,False,,,,,
1995-01,3.607414807259257,3.607414807259257,False,False,False,,,False,False,False,,,,,
1995-02,2.732919511338072,2.732919511338072,False,False,False,,,False,False,False,,,,,
1995-03,2.796035780491146,2.796035780491146,False,False,False,,,False,False,False,,,,,
1995-04,3.631171269946476,3.631171269946476,False,False,False,,,False,False,False,,,,,
1995-05,2.1278543431649366,2.1278543431649366,False,False,False,,,False,False,False,,,,,
1995-06,3.144562621902258,3.144562621902258,False,False,False,,,False,False,False,,,,,
1995-07,-0.03202374774278205,-0.03202374774278205,False,False,False,,,False,False,False,,,,,
1995-08,3.491847893978628,3.491847893978628,False,False,False,,,False,False,False,,,,,
1995-09,-0.49793351897702287,-0.49793351897702287,False,False,False,,,False,False,False,,,,,
1995-10,4.104900278106194,4.104900278106194,False,False,False,,,False,False,False,,,,,
1995-11,1.744387340596476,1.744387340596476,False,False,False,,,False,False,False,,,,,
1995-12,3.2617386869231213,3.2617386869231213,False,False,False,,,False,False,False,,,,,
1996-01,0.6933701784703983,0.6179039267785402,False,False,False,,,False,False,False,,,,,
1996-02,0.7916567590839696,-0.07494659435679507,False,False,False,,,False,False,False,,,,,
1996-03,1.343142201418468,-0.859796714634975,False,False,False,,,False,False,False,,,,,
1996-04,-2.173742463673689,-2.173742463673689,False,False,True,,,False,False,False,,,,,
1996-05,-4.35945467524812,-4.35945467524812,False,False,False,,,False,False,False,,,,,
1996-06,-4.57480167192077,-4.57480167192077,False,False,False,,,False,False,False,,,,,
1996-07,1.881393514756069,1.881393514756069,False,False,False,,,False,False,False,,,,,
1996-08,5.420332732833044,5.420332732833044,False,False,False,,,False,False,False,,,,,
1996-09,2.610100242291802,2.610100242291802,False,False,False,,,False,False,False,,,,,
1996-10,5.029275273419342,5.029275273419342,False,False,False,,,False,False,False,,,,,
1996-11,-2.1505414489508046,-2.1505414489508046,False,False,False,,,False,False,False,,,,,
1996-12,2.2113028996355144,2.2113028996355144,False,False,False,,,False,False,False,,,,,
1997-01,-3.693901879942818,-3.693901879942818,False,False,False,,,False,False,False,,,,,
1997-02,-4.261401064074876,-4.261401064074876,False,False,False,,,False,False,False,,,,,
1997-03,5.840557906734034,5.840557906734034,False,False,False,,,False,False,False,,,,,
1997-04,5.857688480332501,5.857688480332501,False,False,False,,,False,False,False,,,,,
1997-05,4.345261479527585,4.345261479527585,False,False,False,,,False,False,False,,,,,
1997-06,1.618947942420057,1.618947942420057,False,False,False,,,False,False,False,,,,,
1997-07,-5.746563170852836,-5.746563170852836,False,False,False,,,False,False,False,,,,,
1997-08,1.6843279828696822,1.6843279828696822,False,False,False,,,False,False,False,,,,,
1997-09,-3.447769737522033,-3.447769737522033,False,False,False,,,False,False,False,,,,,
1997-10,4.458685521263939,4.458685521263939,False,False,False,,,True,False,False,,,,,
1997-11,1.5731597108694428,1.5731597108694428,False,False,False,,,False,False,False,,,,,
1997-12,1.0150177442407982,1.0150177442407982,False,False,False,,,False,False,False,,,,,
1998-01,7.044919253631243,7.044919253631243,False,False,False,,,False,False,False,,,,,
1998-02,3.952959176230686,-8.773127825305927,False,False,False,,,False,False,False,,,,,
1998-03,-0.9920629644599499,-13.112772471352397,True,False,False,,,False,False,False,,,,,
1998-04,-1.8826223261468433,-13.894308136102996,True,False,False,,,False,False,False,,,,,
1998-05,-12.242159436714228,-12.242159436714228,True,False,False,,,False,False,False,,,,,
1998-06,-15.571856862154231,-15.571856862154231,True,True,False,,,False,False,False,,,,,
1998-07,-14.579671825011387,-14.579671825011387,True,False,False,,,False,False,False,,,,,
1998-08,6.239551504341101,6.239551504341101,False,False,False,,,True,True,True,,,,,
1998-09,8.029422856762892,8.029422856762892,False,False,False,,,True,True,True,,,,,
1998-10,5.912599628568138,5.912599628568138,False,False,False,,,True,False,True,,,,,
1998-11,5.637528708495609,5.637528708495609,False,False,False,,,False,False,False,,,,,
1998-12,0.7402988643725905,0.7402988643725905,False,False,False,,,False,False,False,,,,,
1999-01,-3.2282562377591306,-3.2282562377591306,False,False,False,,,False,False,False,,,,,
1999-02,3.87942154089167,3.87942154089167,False,False,False,,,False,False,False,,,,,
1999-03,1.2026066187680096,-0.2845242188157626,False,False,False,,,False,False,False,,,,,
1999-04,-2.4970480796175143,-3.9298140073022014,False,False,False,,,False,False,False,,,,,
1999-05,1.4264478620207077,-1.469459026076092,False,False,False,,,False,False,False,,,True,,
1999-06,-6.556374074719617,-6.556374074719617,False,False,False,,,False,False,False,,,False,,
1999-07,-3.4627318607454716,-3.4627318607454716,False,False,False,,,False,False,False,,,True,,
1999-08,-2.8551792448024638,-2.8551792448024638,False,False,False,,,False,False,False,,,True,,
1999-09,6.253954145238461,6.253954145238461,False,False,False,,,True,True,True,,,True,,
1999-10,1.9061858969220413,0.25606524890051663,False,False,False,,,False,False,False,,,False,,
1999-11,-1.619254644355561,-1.619254644355561,False,False,False,,,False,False,False,,,False,,
1999-12,-6.998805925110596,-6.998805925110596,False,False,False,,,False,False,False,,,True,,
2000-01,-2.0108083256356934,-2.0108083256356934,False,False,False,,,False,False,False,,,True,,
2000-02,3.9651007668322302,3.9651007668322302,False,False,False,,,False,False,False,,,True,,
2000-03,-5.203591583731571,-5.203591583731571,False,False,False,,,False,False,False,,,False,,
2000-04,-2.1915050603417807,-2.1915050603417807,False,False,False,,,False,False,False,,,True,,
2000-05,0.7201168974067196,-7.437000297742957,False,False,False,,,False,False,False,,,True,,
2000-06,-1.6341275904170893,-9.600579317884916,False,False,False,,,False,False,False,,,True,,
2000-07,-0.09993721717763693,-8.09879639383112,False,False,False,,,False,False,False,,,True,,
2000-08,-13.357894639476841,-18.30030721070456,True,True,False,,,False,False,False,,,False,,
2000-09,-8.462179711061202,-19.225766046419533,True,True,False,,,False,False,False,,,True,,
2000-10,-8.006861010730892,-18.823986551257534,True,True,False,,,False,False,False,,,True,,
2000-11,-5.7044003613047405,-11.758622066139568,True,False,False,,,True,True,False,,,True,,
2000-12,-12.114859703465342,-12.114859703465342,True,False,False,,,True,True,False,,,True,,
2001-01,-15.056994622332764,-15.056994622332764,True,True,False,,,False,False,False,,,True,,
2001-02,-6.420471080339151,-8.577833635307908,False,False,False,,,True,True,False,,,True,,
2001-03,5.51998580178914,-10.289315898934747,True,False,False,,,True,True,True,,,True,,
2001-04,-3.059720332299809,-16.68881165065845,True,True,False,,,True,True,False,,,True,,
2001-05,-9.733878697785714,-17.110733550440983,True,True,False,,,True,False,False,,,True,,
2001-06,-14.982281868783042,-14.982281868783042,True,False,False,,,True,False,False,,,True,,
2001-07,-14.059265524173803,-14.059265524173803,True,False,False,,,False,False,False,,,True,,
2001-08,-8.172340570563886,-8.172340570563886,False,False,False,,,True,True,False,,,True,,
2001-09,1.8099111333141016,1.8099111333141016,False,False,False,,,True,True,True,,,True,,
2001-10,6.644767775226046,1.617318139105639,False,False,False,,,True,True,True,,,True,,
2001-11,-2.8715583926677835,-6.346038845240187,False,False,False,,,False,False,False,,,True,,
2001-12,-3.601663400520849,-13.784749737668111,True,False,False,,,False,False,False,,,False,,
2002-01,-4.7142018694407035,-19.33993678092515,True,True,False,,,False,False,False,,,False,,
2002-02,-3.5772018937757832,-17.629411762110635,True,True,False,,,False,False,False,,,True,,
2002-03,-13.732907321186548,-28.944820951167305,True,True,False,,,False,False,False,,,False,,
2002-04,-15.349333477213944,-24.29521264084894,True,True,False,,,False,False,False,,,True,,
2002-05,-14.57353462492783,-23.601400181262644,True,True,False,,,False,False,False,,,True,,
2002-06,-17.633506772527042,-17.633506772527042,True,True,False,,,True,True,True,,,True,,
2002-07,-10.567996131757528,-10.567996131757528,True,False,False,,,True,True,True,,,True,,
2002-08,-11.002431825242788,-11.002431825242788,True,False,False,,,True,True,True,,,True,,
2002-09,7.916295715351351,3.173142256348238,False,False,False,,,True,True,True,,,True,,
2002-10,-3.3936954962041854,-5.0363512531308,False,False,False,,,True,True,True,,,True,,
2002-11,-10.163297774525383,-10.163297774525383,True,False,False,,,True,False,True,,,True,,
2002-12,-4.395215224505133,-4.395215224505133,False,False,False,,,True,False,True,,,True,,
2003-01,-1.700360825687175,-1.700360825687175,False,False,False,,,True,True,True,,,True,,
2003-02,0.8357567684332823,0.8357567684332823,False,False,False,,,True,True,True,,,True,,
2003-03,8.10441071800323,8.10441071800323,False,False,False,,,True,True,True,,,True,,
2003-04,5.0898709609522585,5.0898709609522585,False,False,False,False,False,False,False,False,False,,False,,
2003-05,1.1322214676852127,1.1322214676852127,False,False,False,False,False,False,False,False,False,,False,,
2003-06,1.6223701958536507,1.6223701958536507,False,False,False,False,False,False,False,False,False,,False,,
2003-07,0.5715354947930296,0.5715354947930296,False,False,False,False,False,False,False,False,False,,False,,
2003-08,-1.1944364585525724,-1.1944364585525724,False,False,True,True,True,False,False,False,False,,False,,
2003-09,5.496148663571665,5.496148663571665,False,False,False,False,False,False,False,False,False,,False,,
2003-10,0.7128504071372888,0.7128504071372888,False,False,False,False,False,False,False,False,False,,False,,
2003-11,5.076554077889206,4.639964082579606,False,False,False,False,False,False,False,False,False,,False,,
2003-12,1.2851568842561667,-0.4154970622523235,False,False,False,False,False,False,False,False,False,,False,,
2004-01,-2.1067389205325138,-2.600057822949753,False,False,False,False,False,False,False,False,False,,False,,
2004-02,-3.287499301657215,-3.774867933250803,False,False,False,False,False,False,False,False,False,,False,,
2004-03,-1.6790751960348183,-2.174549247814195,False,False,False,False,False,False,False,False,False,,False,,
2004-04,-0.5039355078964802,-0.5039355078964802,False,False,False,False,False,False,False,False,False,,False,,
2004-05,-1.6918372862111286,-1.6918372862111286,False,False,False,False,False,False,False,False,False,,False,,
2004-06,-3.4290519520026264,-3.4290519520026264,False,False,False,True,False,False,False,False,False,,False,,
2004-07,0.22873503233691306,0.22873503233691306,False,False,False,False,False,False,False,False,False,,False,,
2004-08,0.9363875526838816,0.9363875526838816,False,False,False,False,False,False,False,False,False,,False,,
2004-09,1.4014243690939843,1.4014243690939843,False,False,False,False,False,False,False,False,False,,False,,
2004-10,3.859493629597055,2.3579919983565567,False,False,False,False,False,False,False,False,False,,False,,
2004-11,0.6346862025764954,-1.4457047485667784,False,False,False,False,False,False,False,False,False,,False,,
2004-12,-2.585160488228855,-4.544034784679241,False,False,False,False,False,False,False,False,False,,False,,
2005-01,-2.0672702719572,-2.0672702719572,False,False,False,False,False,False,False,False,False,,False,,
2005-02,-3.884180869747955,-3.884180869747955,False,False,False,False,False,False,False,False,False,,False,,
2005-03,-2.0108582083263493,-2.0108582083263493,False,False,False,False,False,False,False,False,False,,False,,
2005-04,2.980505786957033,2.980505786957033,False,False,False,False,False,False,False,False,False,,False,,
2005-05,-0.014271417986777557,-0.014271417986777557,False,False,False,False,False,False,False,False,False,,False,,
2005-06,2.434254242715328,1.3161805955811623,False,False,False,False,False,False,False,False,False,,False,,
2005-07,-2.201465164148253,-2.201465164148253,False,False,False,False,False,False,False,False,False,,False,,
2005-08,-1.0915036726727334,-1.0915036726727334,False,False,False,False,False,False,False,False,False,,False,,
2005-09,-1.7740779932313488,-1.7740779932313488,False,False,False,False,False,False,False,False,False,,False,,
2005-10,3.4200237746902173,3.4200237746902173,False,False,False,False,False,False,False,False,False,,False,,
2005-11,-0.09523493171964548,-0.09523493171964548,False,False,False,False,False,False,False,False,False,,False,,
2005-12,2.5466771341108085,1.7463831381835604,False,False,False,False,False,False,False,False,False,,False,,
2006-01,0.04531577283561905,-0.7804192376517638,False,False,False,False,False,False,False,False,False,,False,,
2006-02,-0.8253609917752702,-0.8253609917752702,False,False,False,True,False,False,False,False,False,,False,,
2006-03,-1.9137078927087492,-1.9137078927087492,False,False,False,False,False,False,False,False,False,,False,,
2006-04,-3.0916916538203165,-3.0916916538203165,False,False,False,False,False,False,False,False,False,,False,,
2006-05,0.008659650459597046,0.008659650459597046,False,False,False,False,False,False,False,False,False,,False,,
2006-06,0.5085878803453348,0.5085878803453348,False,False,False,False,False,False,False,False,False,,False,,
2006-07,2.127419311502643,2.127419311502643,False,False,False,True,False,False,False,False,False,,False,,
2006-08,2.4566297967782313,2.4566297967782313,False,False,False,True,False,False,False,False,False,,False,,
2006-09,3.1508003585395628,3.1508003585395628,False,False,False,True,False,False,False,False,False,,False,,
2006-10,1.6466656343095964,1.6466656343095964,False,False,False,True,False,False,False,False,False,,False,,
2006-11,0.44193979742479517,0.44193979742479517,False,False,False,True,False,False,False,False,False,,False,,
2006-12,-0.8094269296929024,-0.8094269296929024,False,False,False,True,False,False,False,False,False,,False,,
2007-01,-2.1846175991944383,-2.1846175991944383,False,False,False,True,False,False,False,False,False,,False,,
2007-02,0.9979982939206433,0.9979982939206433,False,False,False,True,False,False,False,False,False,,False,,
2007-03,4.3290690426759815,2.421775159722972,False,False,False,True,False,False,False,False,False,,False,,
2007-04,-1.8281519239597865,-1.8281519239597865,False,False,False,True,False,False,False,False,False,,False,,
2007-05,-4.922840144928886,-4.922840144928886,False,False,False,False,False,False,False,False,False,,False,,
2007-06,-3.198187836198829,-3.198187836198829,False,False,False,False,False,False,False,False,False,,False,,
2007-07,1.2863572018857905,-5.271871863878353,False,False,False,True,True,False,False,False,False,,False,,
2007-08,0.4850795772992633,-9.72598092940694,False,False,False,True,True,False,False,False,True,,True,,
2007-09,-3.824464689598006,-13.36499419211561,True,False,False,True,True,False,False,False,True,,False,,
2007-10,-11.025697731758722,-14.630371696844147,True,False,False,True,True,False,False,False,True,,False,,
2007-11,-10.161767846191772,-10.697169876554158,True,False,False,True,False,False,False,False,True,,False,,
2007-12,-9.919913075322118,-12.827915989992356,True,False,False,True,False,False,False,False,True,,True,,
2008-01,-4.051365251753236,-8.064273331230575,False,False,False,True,False,True,True,True,True,,True,,
2008-02,-0.5959623397817415,-4.753387475699555,False,False,False,True,True,True,True,True,True,,True,,
2008-03,-3.2282416835385908,-11.81976045903681,True,False,False,True,True,True,True,True,True,True,True,True,True
2008-04,-8.531381133921245,-30.08393363858768,True,True,False,True,True,False,False,False,True,True,False,True,False
2008-05,-9.497422095164076,-36.000229429912864,True,True,False,True,False,False,False,False,True,True,False,True,False
2008-06,-8.878126144409181,-29.98125076293945,True,True,False,True,False,True,False,True,True,True,True,True,True
2008-07,-23.56278335876264,-34.83564505507747,True,True,False,True,False,True,True,True,True,False,True,True,False
2008-08,-30.135713934312903,-42.697781308738655,True,True,False,True,True,True,True,True,True,True,True,True,True
2008-09,-23.15923029850585,-36.97571623790754,True,True,False,True,True,True,True,True,True,True,True,True,True
2008-10,-14.747870463709678,-24.119739163306452,True,True,False,True,True,True,True,True,True,True,True,True,True
2008-11,-17.980670929084972,-17.980670929084972,True,True,False,True,True,True,True,True,True,True,True,True,True
2008-12,-18.61721263709175,-18.61721263709175,True,True,False,True,True,True,True,True,True,True,True,True,True
2009-01,-10.993119762019942,-10.993119762019942,True,False,False,True,False,True,True,True,True,False,True,True,False
2009-02,8.540446199532292,8.540446199532292,False,False,False,True,True,True,True,True,True,False,True,True,False
2009-03,9.392507914826332,9.392507914826332,False,False,False,True,False,True,True,True,True,True,True,True,True
2009-04,5.308144638516654,5.308144638516654,False,False,False,True,False,True,False,True,True,False,True,True,False
2009-05,0.019582726560996022,0.019582726560996022,False,False,False,True,False,True,False,True,True,True,True,True,True
2009-06,7.414172714778422,7.414172714778422,False,False,True,True,True,True,False,True,True,True,False,True,False
2009-07,3.356018886854417,3.356018886854417,False,False,False,True,False,True,False,True,True,False,False,False,False
2009-08,1.525538041930563,1.525538041930563,False,False,False,False,False,True,False,True,False,False,False,False,False
2009-09,-1.9762000526814205,-1.9762000526814205,False,False,False,False,False,False,False,False,False,False,False,False,False
2009-10,3.636404119094272,3.636404119094272,False,False,False,False,False,True,False,True,False,False,False,False,False
2009-11,-1.9860728228187297,-1.9860728228187297,False,False,False,False,False,False,False,False,False,False,False,False,False
2009-12,-3.6974245692262153,-7.5679326065893004,False,False,False,False,False,False,False,False,False,False,False,False,False
2010-01,2.8513689046546054,-4.019111659319396,False,False,False,False,False,False,False,False,False,False,False,False,False
2010-02,-1.365332070731351,-6.680008868275822,False,False,False,False,False,False,False,False,False,False,False,False,False
2010-03,-11.86219666009427,-11.86219666009427,True,False,False,False,False,False,False,False,False,False,False,False,False
2010-04,-13.14412257374582,-13.14412257374582,True,False,False,False,False,False,False,False,False,False,False,False,False
2010-05,-5.388244223983851,-5.388244223983851,False,False,False,False,False,True,True,True,False,False,True,True,False
2010-06,1.8065213127707924,1.8065213127707924,False,False,False,True,False,True,True,True,True,False,True,True,False
2010-07,-4.744918363260475,-4.744918363260475,False,False,False,False,False,False,False,False,False,False,False,False,False
2010-08,8.755110305113556,8.755110305113556,False,False,False,False,False,True,True,True,False,False,False,False,False
2010-09,3.448133485796445,3.448133485796445,False,False,False,False,False,False,False,False,False,False,False,False,False
2010-10,-0.22902497465766558,-0.22902497465766558,False,False,False,False,False,False,False,False,False,False,False,False,False
2010-11,6.530004034715509,6.530004034715509,False,False,False,False,False,False,False,False,False,False,False,False,False
2010-12,2.2645574359139164,2.2645574359139164,False,False,False,False,False,False,False,False,False,False,False,False,False
2011-01,3.08757822662431,0.47896263203077716,False,False,False,False,False,False,False,False,False,False,False,False,False
2011-02,-0.10473129391664893,-8.162170434890104,False,False,False,False,False,False,False,False,False,False,False,False,False
2011-03,-0.39144849477483756,-14.663261394989636,True,False,False,False,False,False,False,False,False,False,False,False,False
2011-04,-5.230964632185309,-17.027591752812476,True,True,False,False,False,False,False,False,False,False,False,False,False
2011-05,-9.389677453779433,-15.892054340347507,True,True,False,False,False,False,False,False,False,False,False,False,False
2011-06,-14.327899246146691,-14.327899246146691,True,False,False,False,False,False,False,False,False,False,False,False,False
2011-07,-12.447765322124948,-12.447765322124948,True,False,False,False,False,True,False,True,False,False,False,False,False
2011-08,-7.1761988080896515,-7.1761988080896515,False,False,False,True,False,True,True,True,True,True,True,True,True
2011-09,10.21193831685132,10.21193831685132,False,False,False,True,False,True,True,True,True,True,True,True,True
2011-10,-0.5058715107011391,-0.5058715107011391,False,False,False,True,False,True,False,True,True,False,False,True,False
2011-11,0.8532763666636134,0.8532763666636134,False,False,False,False,False,True,False,True,False,False,True,False,False
2011-12,4.358306270498535,4.192905653022305,False,False,False,False,False,False,False,False,False,False,False,False,False
2012-01,4.058946376811723,-0.15849300682161394,False,False,False,False,False,False,False,False,False,False,False,False,False
2012-02,-4.05293300622267,-4.05293300622267,False,False,False,False,False,False,False,False,False,False,False,False,False
2012-03,-6.967845725489264,-6.967845725489264,False,False,False,False,False,False,False,False,False,False,False,False,False
2012-04,-6.2650725714543665,-6.2650725714543665,False,False,False,False,False,False,False,False,False,False,False,False,False
2012-05,3.955498222833631,3.955498222833631,False,False,False,False,False,False,False,False,False,True,False,True,False
2012-06,1.259757420478791,1.259757420478791,False,False,False,True,False,False,False,False,False,True,False,False,False
2012-07,1.9763369506085704,1.9763369506085704,False,False,False,False,False,False,False,False,False,False,False,False,False
2012-08,0.3967124727592086,0.3967124727592086,False,False,False,False,False,False,False,False,False,False,False,False,False
2012-09,-1.9789409716293949,-1.9789409716293949,False,False,False,False,False,False,False,False,False,False,False,False,False
2012-10,0.28467166850427716,0.28467166850427716,False,False,False,False,False,False,False,False,False,False,False,False,False
2012-11,0.7068230956284616,0.7068230956284616,False,False,False,False,False,False,False,False,False,False,False,False,False
2012-12,5.0428096466868855,5.0428096466868855,False,False,False,False,False,False,False,False,False,False,False,False,False
2013-01,1.1060648765041536,1.1060648765041536,False,False,False,False,False,False,False,False,False,False,False,False,False
2013-02,3.5987723982872977,3.5987723982872977,False,False,False,False,False,False,False,False,False,False,False,False,False
2013-03,1.8085767779890016,1.8085767779890016,False,False,False,False,False,False,False,False,False,False,False,False,False
2013-04,0.545208241307038,0.545208241307038,False,False,False,False,False,False,False,False,False,False,False,False,False
2013-05,-1.4999301595580827,-1.4999301595580827,False,False,False,False,False,False,False,False,False,False,False,False,False
2013-06,1.6615995293132846,1.6615995293132846,False,False,False,False,False,False,False,False,False,False,False,False,False
2013-07,-3.1298019479343964,-3.1298019479343964,False,False,True,True,False,False,False,False,False,False,False,False,False
2013-08,2.974952325919533,2.974952325919533,False,False,False,False,False,False,False,False,False,False,False,False,False
2013-09,4.459575276194472,4.459575276194472,False,False,False,False,False,False,False,False,False,False,False,False,False
2013-10,1.4830249341606816,1.4830249341606816,False,False,False,False,False,False,False,False,False,False,False,False,False
2013-11,-1.285854659128427,-1.285854659128427,False,False,False,False,False,False,False,False,False,False,False,False,False
2013-12,-3.5582905955811595,-3.5582905955811595,False,False,False,False,False,False,False,False,False,False,False,False,False
2014-01,4.31170301781616,4.31170301781616,False,False,False,False,False,False,False,False,False,False,False,False,False
2014-02,0.6932165418227054,0.6932165418227054,False,False,False,False,False,False,False,False,False,False,False,False,False
2014-03,0.6200789153414155,0.6200789153414155,False,False,False,False,False,False,False,False,False,False,False,False,False
2014-04,2.103028007328045,2.103028007328045,False,False,False,False,False,False,False,False,False,False,False,False,False
2014-05,0.36911044851513086,0.36911044851513086,False,False,False,False,False,False,False,False,False,False,False,False,False
2014-06,-1.5079830845342368,-1.5079830845342368,False,False,False,False,False,False,False,False,False,False,False,False,False
2014-07,2.155728020316583,2.155728020316583,False,False,False,False,False,False,False,False,False,False,False,False,False
2014-08,-1.5513837249453988,-1.5513837249453988,False,False,False,False,False,False,False,False,False,False,False,False,False
2014-09,2.3201460667203078,1.1509438633409586,False,False,False,False,False,False,False,False,False,False,False,False,False
2014-10,-1.1426901234258713,-1.1426901234258713,False,False,False,False,False,False,False,False,False,False,False,False,False
2014-11,-3.509937622258652,-3.509937622258652,False,False,False,False,False,False,False,False,False,False,False,False,False
2014-12,-3.1040805838410623,-3.1040805838410623,False,False,False,False,False,False,False,False,False,False,False,False,False
2015-01,3.6541487777182136,3.4145593472124203,False,False,False,False,False,False,False,False,False,False,False,False,False
2015-02,-1.7396107114219572,-6.287476659019364,False,False,False,False,False,False,False,False,False,False,False,False,False
2015-03,-0.23114311711688318,-7.150277382366177,False,False,False,False,False,False,False,False,False,False,False,False,False
2015-04,-1.0740731158738193,-7.934748799759872,False,False,False,False,False,False,False,False,False,False,False,False,False
2015-05,-6.415985923790091,-8.890612218512583,False,False,False,False,False,False,False,False,False,False,False,False,False
2015-06,-6.935164420467954,-6.935164420467954,False,False,False,False,False,False,False,False,False,True,False,False,False
2015-07,-8.736883551736273,-8.736883551736273,False,False,False,False,False,False,False,False,False,False,False,False,False
2015-08,-2.6442831280001466,-2.6442831280001466,False,False,False,False,False,True,True,True,False,True,True,True,True
2015-09,6.453540320655904,0.6354041856492465,False,False,False,False,False,True,True,True,False,True,True,True,True
2015-10,-6.690525450158324,-7.0757405813438705,False,False,False,False,False,False,False,False,False,False,False,False,False
2015-11,-7.122631495750853,-7.122631495750853,False,False,False,False,False,False,False,False,False,False,False,False,False
2015-12,-5.4654228666152775,-5.4654228666152775,False,False,False,False,False,False,False,False,False,False,False,False,False
2016-01,-0.41283603090035426,-0.41283603090035426,False,False,False,True,False,True,False,True,True,True,True,True,True
2016-02,6.599111444005845,6.599111444005845,False,False,False,False,False,True,False,True,False,True,True,True,True
2016-03,0.26993982833325436,0.26993982833325436,False,False,False,False,False,False,False,False,False,False,False,False,False
2016-04,1.5324602525288444,1.5324602525288444,False,False,False,False,False,False,False,False,False,False,False,False,False
2016-05,0.09109212401243738,0.09109212401243738,False,False,False,False,False,False,False,False,False,False,False,False,False
2016-06,3.3070289851110823,1.3002198109999918,False,False,False,False,False,False,False,False,False,False,False,False,False
2016-07,-2.183023241656301,-2.183023241656301,False,False,False,False,False,False,False,False,False,False,False,False,False
2016-08,-2.0636149996890563,-2.0636149996890563,False,False,False,False,False,False,False,False,False,False,False,False,False
2016-09,-1.942567890903446,-1.942567890903446,False,False,False,False,False,False,False,False,False,False,False,False,False
2016-10,3.4174521829295035,3.4174521829295035,False,False,False,False,False,False,False,False,False,False,False,False,False
2016-11,1.8200762441865859,1.8200762441865859,False,False,False,False,False,False,False,False,False,False,False,False,False
2016-12,1.7884358198382522,1.7884358198382522,False,False,True,True,False,False,False,False,False,False,False,False,False
2017-01,3.6794485514211495,3.6794485514211495,False,False,False,False,False,False,False,False,False,False,False,False,False
2017-02,-0.03891971352694146,-0.03891971352694146,False,False,False,False,False,False,False,False,False,False,False,False,False
2017-03,0.9091208748854607,0.9091208748854607,False,False,False,False,False,False,False,False,False,False,False,False,False
2017-04,1.1576251246328662,1.1576251246328662,False,False,False,False,False,False,False,False,False,False,False,False,False
2017-05,0.4813775207812565,0.4813775207812565,False,False,False,False,False,False,False,False,False,False,False,False,False
2017-06,1.9348826001101882,1.9348826001101882,False,False,False,False,False,False,False,False,False,False,False,False,False
2017-07,0.0546433019853243,0.0546433019853243,False,False,False,False,False,False,False,False,False,False,False,False,False
2017-08,1.9302978562167672,1.9302978562167672,False,False,False,False,False,False,False,False,False,False,False,False,False
2017-09,2.218813506615125,2.218813506615125,False,False,False,False,False,False,False,False,False,False,False,False,False
2017-10,2.8082627806563343,2.54770808279845,False,False,False,False,False,False,False,False,False,False,False,False,False
2017-11,0.9831630594270502,-0.25343750668542775,False,False,False,False,False,False,False,False,False,True,False,False,False
2017-12,-1.224561133408708,-1.224561133408708,False,False,False,False,False,False,False,False,False,False,False,False,False
2018-01,-6.478478991513814,-6.478478991513814,False,False,False,False,False,False,False,False,False,False,False,False,False
2018-02,-2.688449860055664,-2.688449860055664,False,False,False,False,False,False,False,False,False,True,False,False,False
2018-03,0.27187749953683227,0.27187749953683227,False,False,False,False,False,False,False,False,False,True,False,True,False
2018-04,2.16083418545836,2.16083418545836,False,False,False,False,False,False,False,False,False,False,True,True,False
2018-05,0.48424362676078303,0.2391617345556485,False,False,False,False,False,False,False,False,False,False,False,False,False
2018-06,3.602155617289915,-7.781133929992379,False,False,False,False,False,False,False,False,False,False,False,False,False
2018-07,-3.7123324436757255,-10.987502604996536,True,False,False,False,False,False,False,False,False,False,False,False,False
2018-08,-6.540710662666205,-13.602178141743792,True,False,False,False,False,False,False,False,False,False,False,False,False
2018-09,-13.97160878047653,-13.97160878047653,True,False,False,False,False,False,False,False,False,False,False,False,False
2018-10,-7.555661431995054,-7.555661431995054,False,False,False,False,False,False,False,False,False,True,True,True,True
2018-11,-9.177689467997252,-9.177689467997252,False,False,False,False,False,False,False,False,False,True,True,True,True
2018-12,7.868440166582613,7.868440166582613,False,False,False,False,False,True,True,True,False,True,True,True,True
2019-01,2.9728889343927145,1.7736015386068393,False,False,False,False,False,False,False,False,False,False,False,True,False
2019-02,-1.1646632508775956,-1.1646632508775956,False,False,False,False,False,False,False,False,False,False,False,False,False
2019-03,-2.90501857842691,-2.90501857842691,False,False,False,False,False,False,False,False,False,False,False,False,False
2019-04,-6.57777313668354,-6.57777313668354,False,False,False,False,False,False,False,False,False,False,False,False,False
2019-05,6.33706745603746,6.33706745603746,False,False,False,False,False,False,False,False,False,False,True,False,False
2019-06,-0.5200984708927381,-0.5200984708927381,False,False,False,False,False,False,False,False,False,False,False,False,False
2019-07,-1.8091627240523933,-1.8091627240523933,False,False,False,False,False,False,False,False,False,False,False,False,False
2019-08,1.7181177931020697,0.9485866930067921,False,False,False,False,False,False,False,False,False,False,False,False,False
2019-09,2.0431770513684056,-13.173804350741225,True,False,False,False,False,False,False,False,False,False,False,False,False
2019-10,3.4047037714499906,-14.912296776539435,True,False,False,False,False,False,False,False,False,False,False,False,False
2019-11,-5.945915317096462,-17.713894900249926,True,True,False,False,False,False,False,False,False,True,False,False,False
2019-12,-20.0010503824639,-20.0010503824639,True,True,False,False,False,False,False,False,False,False,False,False,False
2020-01,-19.87059226914265,-19.87059226914265,True,True,False,False,False,False,False,False,False,False,False,False,False
2020-02,-12.511928240892821,-12.511928240892821,True,False,False,True,False,True,True,True,False,True,True,True,True
2020-03,12.68440381652789,12.68440381652789,False,False,False,True,True,True,True,True,True,True,True,True,True
2020-04,4.528181966555822,4.528181966555822,False,False,False,True,True,True,True,True,True,True,True,True,True
2020-05,1.838839651392421,1.838839651392421,False,False,False,False,False,False,False,False,False,True,True,True,True
2020-06,5.510132148044367,5.472711254018892,False,False,False,False,False,True,False,False,False,False,True,False,False
2020-07,-0.035466635538827784,-0.035466635538827784,False,False,False,False,False,False,False,False,False,False,False,False,False
2020-08,-6.5808483762947905,-6.5808483762947905,False,False,False,False,False,False,False,False,False,False,False,False,False
2020-09,-2.766578622137972,-2.766578622137972,False,False,False,False,False,False,False,False,False,False,True,False,False
2020-10,10.75456354438591,10.75456354438591,False,False,False,False,False,True,False,False,False,False,True,True,False
2020-11,2.5571389241452636,2.5571389241452636,False,False,False,False,False,False,False,False,False,False,False,False,False
2020-12,-1.1136660755445171,-1.1136660755445171,False,False,False,False,False,False,False,False,False,False,False,False,False
2021-01,2.6091451377448394,2.6091451377448394,False,False,False,False,False,False,False,False,False,False,False,False,False
2021-02,4.2438632533165155,4.2438632533165155,False,False,False,False,False,False,False,False,False,False,False,True,False
2021-03,5.242532134755851,5.242532134755851,False,False,True,False,False,False,False,False,False,False,False,False,False
2021-04,0.548648867060697,0.548648867060697,False,False,False,False,False,False,False,False,False,False,False,False,False
2021-05,2.2214009565834747,2.2214009565834747,False,False,False,False,False,False,False,False,False,False,False,False,False
2021-06,0.23362510907505296,0.23362510907505296,False,False,False,False,False,False,False,False,False,False,False,False,False
2021-07,-1.9957802550954917,-1.9957802550954917,False,False,False,False,False,False,False,False,False,False,False,False,False
2021-08,-4.75691688019011,-4.75691688019011,False,False,False,False,False,False,False,False,False,False,False,False,False
2021-09,6.0233905798811715,1.5414807927868202,False,False,False,False,False,False,False,False,False,False,True,False,False
2021-10,-1.950546543624998,-10.28036164395878,True,False,False,False,False,False,False,False,False,False,False,False,False
2021-11,-4.227283963077511,-9.526381086462665,False,False,False,False,False,False,False,False,False,False,False,False,False
2021-12,-8.229656032898625,-20.57833016788926,True,True,False,False,False,False,False,False,False,False,False,False,False
2022-01,-8.495524255053555,-16.170122210080052,True,True,False,False,False,False,False,False,False,True,True,True,True
2022-02,-5.532992424838657,-13.4560617310288,True,False,False,False,False,True,False,False,False,True,True,True,True
2022-03,-16.445095427169687,-20.854404049026332,True,True,False,True,False,False,False,False,False,True,True,True,True
2022-04,-8.387128490215245,-13.221667243940194,True,False,True,True,True,True,True,True,True,True,True,True,True
2022-05,-8.391999993382681,-13.2262816711044,True,False,True,True,True,True,True,True,True,True,True,True,True
2022-06,-5.277139198948255,-5.277139198948255,False,False,False,True,False,True,True,True,True,True,True,True,True
2022-07,-13.187207598588646,-13.187207598588646,True,False,False,False,False,False,False,False,False,True,True,True,True
2022-08,-9.339567201327437,-9.339567201327437,False,False,False,False,False,True,False,False,False,True,True,True,True
2022-09,7.080501406034023,7.080501406034023,False,False,True,True,False,True,True,False,False,True,True,True,True
2022-10,-0.8388468079015721,-0.8388468079015721,False,False,True,True,True,True,False,False,False,True,True,True,True
2022-11,-5.897147407473047,-5.897147407473047,False,False,False,True,False,False,False,False,False,True,False,False,False
2022-12,3.4027842777379913,3.4027842777379913,False,False,False,False,False,False,False,False,False,True,False,True,False
2023-01,-2.611249393181858,-2.611249393181858,False,False,False,False,False,False,False,False,False,True,False,False,False
2023-02,3.505161257710898,3.505161257710898,False,False,False,False,False,False,False,False,False,True,False,True,False
2023-03,1.4642341662481018,1.4642341662481018,False,False,False,False,False,False,False,False,False,True,False,False,False
2023-04,0.2482347368192972,0.2482347368192972,False,False,False,False,False,False,False,False,False,True,False,False,False
2023-05,6.472746490423464,0.334217571082851,False,False,False,False,False,False,False,False,False,True,False,False,False
2023-06,-3.647555543559855,-5.765352281856206,False,False,False,False,False,False,False,False,False,True,False,False,False
2023-07,-8.611104904242195,-8.611104904242195,False,False,False,False,False,False,False,False,False,True,False,False,False
2023-08,-6.9628219671202025,-6.9628219671202025,False,False,False,False,False,False,False,False,False,True,False,False,False
2023-09,-2.197968873798295,-2.197968873798295,False,False,False,True,True,False,False,False,False,True,True,True,True
2023-10,8.917926878197013,8.917926878197013,False,False,True,True,True,True,False,False,True,True,True,True,True
2023-11,4.422923115636013,4.422923115636013,False,False,False,True,False,False,False,False,False,True,False,False,False
2023-12,1.5895707598991615,1.5895707598991615,False,False,False,False,False,False,False,False,False,False,False,False,False
2024-01,3.9218689524098904,3.9218689524098904,False,False,False,False,False,False,False,False,False,False,False,False,False
2024-02,-1.1887140573954902,-1.1887140573954902,False,False,False,False,False,False,False,False,False,False,False,False,False
2024-03,-4.161507173789869,-4.161507173789869,False,False,False,False,False,False,False,False,False,False,False,False,False
2024-04,4.80211901511991,4.80211901511991,False,False,False,True,True,False,False,False,False,True,False,False,False
2024-05,3.466980128308328,3.466980128308328,False,False,False,True,False,False,False,False,False,False,False,False,False
2024-06,1.1321316887868749,1.1321316887868749,False,False,False,True,False,False,False,False,False,False,False,False,False
2024-07,2.2834706936630367,2.2834706936630367,False,False,False,False,False,False,False,False,False,True,False,False,False
2024-08,1.0100257410081248,1.0100257410081248,False,False,False,False,False,False,False,False,False,True,False,False,False
2024-09,-0.9896743303151712,-2.6139766788438767,False,False,False,False,False,False,False,False,False,False,False,False,False
2024-10,3.0879191206461876,-2.3905236580770706,False,False,False,False,False,False,False,False,False,False,False,False,False
2024-11,-2.499013704848363,-7.680547863685517,False,False,False,False,False,False,False,False,False,False,False,False,False
2024-12,-4.586820159231875,-5.314340250007099,False,False,False,True,False,False,False,False,False,True,False,False,False
2025-01,-7.805105567413484,-7.805105567413484,False,False,False,False,False,False,False,False,False,False,False,False,False
2025-02,-6.47308659679654,-6.47308659679654,False,False,False,False,False,False,False,False,False,False,False,False,False
2025-03,-0.7624943346289825,-0.7624943346289825,False,False,False,False,False,False,False,False,False,True,True,True,True
2025-04,6.152382614078289,6.152382614078289,False,False,False,False,False,False,False,False,False,True,True,True,True
2025-05,4.960683946771582,4.960683946771582,False,False,False,False,False,False,False,False,False,False,False,False,False
2025-06,2.16665625306407,2.16665625306407,False,False,False,False,False,False,False,False,False,False,False,False,False
2025-07,1.9066444295036122,1.9066444295036122,False,False,False,False,False,False,False,False,False,False,False,False,False
2025-08,3.5323687218701494,3.5323687218701494,False,False,False,False,False,False,False,False,False,False,False,False,False
2025-09,2.26868719049238,-2.391282034135578,False,False,False,False,False,False,False,False,False,False,False,False,False
2025-10,0.07748025695406557,-4.556594352236065,False,False,False,False,False,False,False,False,False,False,False,False,False
2025-11,-0.05241344225139777,-4.680473340721026,False,False,False,False,False,False,False,False,False,False,False,False,False
2025-12,-4.63048689604485,-4.63048689604485,False,False,False,False,False,False,False,False,False,False,False,False,False
2026-01,-5.915953358539394,-5.915953358539394,False,False,False,False,False,False,False,False,False,False,False,False,False
2026-02,-5.0932690968577,-5.0932690968577,False,False,False,False,False,False,False,False,False,False,False,False,False
2026-03,10.423338582985764,10.423338582985764,False,False,False,False,False,False,False,False,False,False,True,True,False
